palabra,n
ley,693
artículo,616
constitucional,460
reforma,306
presidente,198
república,188
inciso,186
único,180
podrá,150
orgánica,113
constitución,113
caso,109
ejercicio,106
nacional,102
número,101
tribunal,95
modificado,94
derecho,85
podrán,80
regional,78
corte,78
letra,77
diputados,74
días,74
miembros,73
congreso,72
cargo,72
deberá,71
funciones,69
texto,68
decreto,67
dentro,66
sustituido,64
forma,64
cámara,62
años,60
convención,59
véase,56
seguridad,54
normas,53
conformidad,53
senado,52
leyes,52
acuerdo,52
general,51
demás,51
suprema,50
atribuciones,50
elección,48
respectiva,47
siguientes,46
regionales,46
ministerio,46
cargos,46
proyecto,44
pública,43
administración,43
oficial,42
publicada,41
plazo,41
tribunales,40
público,40
personas,40
ministros,40
diario,40
sólo,39
consejo,39
disposición,38
plebiscito,37
fuerza,37
dispuesto,37
agregado,37
senadores,36
elecciones,36
determine,36
derechos,36
casos,36
cada,36
asimismo,36
perjuicio,35
anteriormente,35
convencionales,34
constituyentes,34
anterior,34
reemplazado,33
presidencial,33
gobierno,33
electoral,33
año,33
tres,32
cualquiera,32
conforme,32
persona,30
orden,30
mayoría,30
capitulo,30
pleno,29
incisos,29
distrito,29
treinta,28
período,28
parte,28
menos,28
fecha,28
elegirá,28
disposiciones,28
corresponderá,28
señale,27
fiscales,27
éste,27
establecer,27
declaración,27
corresponda,27
cinco,27
organización,26
gobernador,26
determinará,26
requisitos,25
quórum,25
públicos,25
nueva,25
municipalidades,25
enero,25
deberán,25
cualquier,25
así,25
segundo,24
refundido,24
refiere,24
materias,24
ejercer,24
efecto,24
diez,24
día,24
delegado,24
calificador,24
arts,24
votación,23
tener,23
funcionamiento,23
fuerzas,23
fija,23
establecerá,23
diputado,23
autoridad,23
vigencia,22
siguiente,22
siempre,22
resolución,22
objeto,22
nación,22
ministro,22
lugar,22
establecido,22
dicha,22
toda,21
supremo,21
sufragio,21
sistematizado,21
sistema,21
servicio,21
senador,21
libertad,21
justicia,21
generales,21
excepción,21
chile,21
carácter,21
país,20
ningún,20
mismo,20
ésta,20
especiales,20
electorales,20
coordinado,20
aprobado,20
voto,19
respecto,19
respectivo,19
puede,19
procedimiento,19
párrafo,19
º,19
misma,19
mientras,19
legales,19
función,19
figura,19
después,19
comisión,19
término,18
salvo,18
requerimiento,18
protección,18
política,18
integrantes,18
elegidos,18
delito,18
cámaras,18
calificado,18
actos,18
resolver,17
publicación,17
propuesta,17
primera,17
órganos,17
juez,17
interior,17
inmediatamente,17
dicho,17
cuatro,17
constitucionales,17
consejeros,17
candidatos,17
autoridades,17
apelaciones,17
alguno,17
tratado,16
título,16
territorio,16
penal,16
participación,16
nuevo,16
ninguna,16
momento,16
mixta,16
medidas,16
materia,16
hubiere,16
haber,16
edad,16
declarar,16
cumplimiento,16
cuarto,16
ciudadano,16
ciudadanía,16
acción,16
todas,15
servicios,15
sentencia,15
región,15
primero,15
presidencia,15
presentes,15
partes,15
naturaleza,15
mediante,15
jueces,15
judicial,15
guerra,15
fiscal,15
empresas,15
elegido,15
efectos,15
designados,15
condiciones,15
bajo,15
armadas,15
aprobación,15
actividades,15
votaciones,14
tercios,14
solo,14
social,14
secretaría,14
presente,14
popular,14
políticos,14
personal,14
partidos,14
origen,14
organismos,14
medio,14
legal,14
jurídica,14
funcionarios,14
establece,14
embargo,14
domingo,14
defensa,14
control,14
conocer,14
cesará,14
bienes,14
aplicables,14
además,14
vigor,13
vez,13
segunda,13
según,13
requerirá,13
regulará,13
promulgación,13
procederá,13
previo,13
presupuestos,13
pena,13
parlamentarios,13
incorporada,13
igual,13
hacer,13
especial,13
entidades,13
enseñanza,13
electo,13
directa,13
desarrollo,13
delitos,13
cumplir,13
contraloría,13
comunicación,13
competente,13
carabineros,13
banco,13
alguna,13
acuerdos,13
acto,13
virtud,12
tiempo,12
sesión,12
señalado,12
recursos,12
pueda,12
públicas,12
provincial,12
propiedad,12
procedimientos,12
populares,12
poder,12
números,12
nacionalidad,12
libre,12
jurisdicción,12
judiciales,12
hechos,12
fuere,12
final,12
establezca,12
especialmente,12
entrada,12
entenderá,12
educación,12
derogado,12
decretos,12
cuyo,12
cuales,12
código,12
chilena,12
central,12
causales,12
calificación,12
artículos,12
tercero,11
tal,11
superiores,11
sesiones,11
relación,11
reglamento,11
privado,11
obstante,11
internacional,11
hecho,11
grave,11
gasto,11
formas,11
formación,11
establecidos,11
escrutinios,11
emitidos,11
durarán,11
diciembre,11
dichas,11
declare,11
dar,11
d.o,11
cuestión,11
contado,11
competencia,11
clase,11
causa,11
bis,11
bases,11
aplicación,11
afectado,11
acusación,11
absoluta,11
abogado,11
tramitación,10
superior,10
retiro,10
responsabilidad,10
regiones,10
pueden,10
proclamación,10
previa,10
particulares,10
nombrados,10
nacionales,10
limitaciones,10
jefe,10
gastos,10
facultad,10
exclusiva,10
establecidas,10
empleo,10
director,10
correspondiente,10
concesión,10
comisiones,10
capítulo,10
calidades,10
aplicable,10
antecedentes,10
alcalde,10
agregada,10
actuales,10
vigésima,9
uso,9
través,9
tratados,9
transitoria,9
territorios,9
tales,9
señalará,9
respectivos,9
resoluciones,9
remuneraciones,9
recurso,9
quince,9
puedan,9
previamente,9
político,9
otorgar,9
organizaciones,9
observaciones,9
necesarias,9
modo,9
interés,9
infracción,9
imputado,9
hubieren,9
gobiernos,9
gobernadores,9
fin,9
facultades,9
expresión,9
expresamente,9
exclusivamente,9
encargado,9
empleos,9
ejercerá,9
dominio,9
determinados,9
deber,9
deben,9
cuestiones,9
convocatoria,9
comunas,9
arreglo,9
aquellos,9
aprueba,9
ambas,9
tributos,8
sino,8
séptimo,8
restringir,8
requerirán,8
regulen,8
proposición,8
propio,8
pronunciarse,8
presidenciales,8
preceptos,8
precepto,8
planteada,8
patrimonio,8
órgano,8
ocho,8
nombrado,8
modificación,8
meses,8
media,8
instituciones,8
inferior,8
inconstitucionalidad,8
impedimento,8
fondos,8
falta,8
exclusivas,8
determinen,8
determinar,8
detenido,8
delegados,8
cuarta,8
correspondientes,8
convocado,8
concesiones,8
comunes,8
cesarán,8
autorización,8
asunto,8
asumirá,8
asegurar,8
arrestado,8
aquellas,8
aprobar,8
anteriores,8
algún,8
vigente,7
vida,7
vicepresidente,7
válidamente,7
vacancia,7
trate,7
transparencia,7
trámite,7
trabajo,7
titulares,7
supervigilancia,7
sufragios,7
señalada,7
seis,7
salud,7
respectivas,7
requerir,7
registro,7
referencia,7
reclamación,7
proyectos,7
propias,7
procesos,7
proceso,7
personalidad,7
parlamentario,7
orgánicas,7
nombre,7
nombramiento,7
nadie,7
nacionalización,7
modificaciones,7
mandato,7
local,7
integrado,7
integración,7
iniciativa,7
inhabilidades,7
inhabilidad,7
indultos,7
individuo,7
hace,7
gravemente,7
garantías,7
febrero,7
exterior,7
estatuto,7
epígrafe,7
encargados,7
ello,7
electos,7
durará,7
designado,7
desempeñar,7
debiendo,7
debe,7
cortes,7
contralor,7
contemplará,7
constitucionalidad,7
conocimiento,7
conducta,7
concejo,7
ciudadanos,7
ciento,7
cesación,7
autorizar,7
art,7
aquel,7
anterioridad,7
adoptar,7
administrativas,7
actualmente,7
zonas,6
último,6
tratándose,6
total,6
tomar,6
terna,6
términos,6
tercio,6
terceras,6
suspensión,6
sometidos,6
solicitar,6
sociedad,6
sesenta,6
señalados,6
semifiscales,6
sector,6
sanciones,6
reunir,6
respectivamente,6
resolverá,6
requisito,6
remoción,6
relativas,6
relativa,6
reglas,6
régimen,6
referida,6
quinto,6
queda,6
proveer,6
prórroga,6
propios,6
profesionales,6
profesional,6
prescrito,6
poseer,6
optar,6
oportunidad,6
opinión,6
oficio,6
obligatorio,6
nuevos,6
norma,6
municipal,6
ministerios,6
magistrados,6
lugares,6
límites,6
junio,6
investigaciones,6
inversión,6
internacionales,6
interna,6
inmediato,6
ingreso,6
indemnización,6
incorporado,6
iii,6
grupos,6
flagrante,6
fisco,6
éstos,6
estatutos,6
esenciales,6
encuentren,6
emergencia,6
ejecución,6
disponer,6
directivo,6
dirección,6
detención,6
designar,6
declarado,6
debida,6
deba,6
daño,6
cuya,6
cuanto,6
corporaciones,6
coordinación,6
contados,6
consulta,6
consejero,6
conocerá,6
concejales,6
comunidad,6
chilenos,6
celebrará,6
calidad,6
autónomas,6
asamblea,6
armas,6
aprobada,6
aplicará,6
afectada,6
adoptará,6
administrativo,6
administrativa,6
acusado,6
actividad,6
votos,5
vigentes,5
velar,5
urgencia,5
universal,5
trata,5
trabajadores,5
totalidad,5
ternas,5
televisión,5
susciten,5
soberanía,5
sitio,5
sanción,5
sala,5
revisora,5
reunión,5
respeto,5
reserva,5
renuncia,5
relaciones,5
rehabilitación,5
regirá,5
reformas,5
referidas,5
reelegidos,5
reelegido,5
reclamar,5
reclamaciones,5
realizará,5
quintas,5
quedarán,5
quedará,5
quedar,5
provincias,5
provinciales,5
precedentes,5
precedente,5
posesión,5
población,5
permiso,5
oración,5
obligaciones,5
noviembre,5
nombrar,5
nombramientos,5
nivel,5
muerte,5
motivos,5
moral,5
modificada,5
modalidades,5
minería,5
mayorías,5
mayor,5
mayo,5
límite,5
legalidad,5
julio,5
investigación,5
intereses,5
integrada,5
instalación,5
informar,5
información,5
indicadas,5
incompatibilidades,5
ii,5
igualdad,5
hijos,5
hagan,5
hacerse,5
funcionario,5
fueren,5
fines,5
financiar,5
fijen,5
fijar,5
extranjeros,5
extranjero,5
existirá,5
establecida,5
entrar,5
elegir,5
ejército,5
efectuarán,5
efectuar,5
efectiva,5
distritos,5
disponga,5
dichos,5
devolverá,5
destinados,5
designación,5
deberes,5
cumplido,5
cuenta,5
cuarenta,5
crear,5
corresponde,5
copia,5
convocará,5
convenientes,5
contratos,5
comunal,5
comportamiento,5
completar,5
competencias,5
comandantes,5
circunstancias,5
catástrofe,5
capital,5
candidaturas,5
candidato,5
beneficios,5
autónomo,5
autonomía,5
auto,5
asociaciones,5
armada,5
aquél,5
apruebe,5
aprobadas,5
aflictiva,5
afecten,5
aérea,5
adoptado,5
adjuntos,5
acciones,5
acceso,5
abogados,5
vi,4
vacante,4
unidades,4
única,4
tropas,4
transitorias,4
totalmente,4
titular,4
sujeto,4
sorteo,4
simple,4
sexto,4
seguirán,4
rigen,4
retiros,4
responsables,4
residir,4
reside,4
requiere,4
representación,4
rentas,4
relativo,4
reglamentaria,4
regirán,4
referidos,4
referido,4
reemplazo,4
reducir,4
reconoce,4
reclamo,4
rechazo,4
rechazare,4
recepción,4
razón,4
quinas,4
quina,4
puesto,4
pudiendo,4
proteger,4
promover,4
producirá,4
procedente,4
privadas,4
principio,4
primer,4
previstos,4
presupuesto,4
preso,4
preferencia,4
potestad,4
posteriormente,4
políticas,4
policía,4
plebiscitos,4
plebiscitarios,4
plantas,4
petición,4
pertinente,4
perdiere,4
pensiones,4
pasará,4
partir,4
partido,4
organismo,4
ordinarios,4
órdenes,4
operaciones,4
oficiales,4
octubre,4
octava,4
obligado,4
obligación,4
ó,4
numeral,4
nueve,4
nómina,4
niveles,4
negociación,4
necesarios,4
necesario,4
naturales,4
natural,4
movimientos,4
modificar,4
mérito,4
mensaje,4
menor,4
medios,4
mantener,4
mantendrán,4
manera,4
mal,4
magistratura,4
libertades,4
letras,4
letrados,4
jurídico,4
jurado,4
juicio,4
ix,4
intervención,4
intermedios,4
instrucciones,4
inconstitucional,4
incompatibles,4
incompatible,4
inaplicabilidad,4
impugnado,4
importancia,4
imperio,4
honor,4
gremial,4
gracia,4
garantizar,4
garantía,4
fundada,4
fiscalizar,4
fiscalización,4
firme,4
financiera,4
fije,4
fijará,4
favorable,4
favor,4
familia,4
extinción,4
existentes,4
exija,4
exento,4
exceptúan,4
excedan,4
éstas,4
establezcan,4
establecimiento,4
equivalente,4
entenderán,4
empréstitos,4
empleados,4
ejerza,4
ejercido,4
económica,4
discriminación,4
dirigentes,4
directamente,4
diferentes,4
dictar,4
dictación,4
determinada,4
desempeño,4
desempeñe,4
desarrollar,4
derogadas,4
denuncia,4
denominación,4
delegación,4
definitivo,4
decretar,4
deban,4
curso,4
cumplidos,4
cumplan,4
cultural,4
cuerpos,4
correspondiere,4
correspondan,4
convocar,4
convocada,4
contratar,4
contratación,4
contrario,4
continuarán,4
continuará,4
contendrá,4
contempladas,4
contar,4
considerarán,4
consideración,4
conjunto,4
confiere,4
conductas,4
concluido,4
concejal,4
comunicará,4
comunicada,4
común,4
colectiva,4
civiles,4
civil,4
circunscripciones,4
celebrar,4
causas,4
cargas,4
califique,4
calificar,4
beneficio,4
básicas,4
básica,4
autoriza,4
autoricen,4
ausentarse,4
aun,4
asumir,4
aplicarán,4
ambiente,4
alzada,4
alcaldes,4
afectar,4
adiciones,4
acusaciones,4
acordado,4
zona,3
volverá,3
víctimas,3
vicio,3
verificará,3
veintiún,3
veinte,3
vecinal,3
vacantes,3
utilidad,3
usted,3
unidas,3
trigésima,3
trámites,3
tramitará,3
tramitado,3
textos,3
terroristas,3
terrorista,3
terceros,3
tercera,3
técnico,3
tampoco,3
sustancias,3
suspendido,3
suspenderá,3
suspender,3
suprimido,3
sugerir,3
subsecretarios,3
subrogación,3
situaciones,3
sindical,3
similar,3
septiembre,3
señaladas,3
roma,3
reúnan,3
restablecer,3
respetar,3
reservas,3
requisiciones,3
requerida,3
renovarán,3
remover,3
remisión,3
religiosas,3
relacionadas,3
regular,3
reemplazó,3
reemplazada,3
realización,3
rayas,3
quintos,3
quinta,3
pueblo,3
publicidad,3
publicado,3
próxima,3
provincia,3
propuesto,3
proporción,3
pronuncie,3
pronunciare,3
promulgue,3
promulgará,3
promulgada,3
promoción,3
prohibición,3
profesión,3
produzca,3
producción,3
privados,3
privada,3
privación,3
prisión,3
primitivo,3
primarias,3
previsto,3
presidio,3
presentar,3
pregunta,3
preferente,3
precedentemente,3
precedencia,3
posterior,3
plebiscitaria,3
pertinentes,3
personalmente,3
perpetuo,3
permitan,3
permanecer,3
perjuicios,3
perdido,3
participar,3
palabra,3
pago,3
pacto,3
otorguen,3
ordinario,3
oportunidades,3
ocupar,3
obtenido,3
obtengan,3
obtener,3
obras,3
obligatorias,3
nulos,3
nuevas,3
necesitará,3
necesidades,3
necesaria,3
naciones,3
municipales,3
motivo,3
montepíos,3
modifiquen,3
mismas,3
mineros,3
miembro,3
mes,3
mencionados,3
mencionadas,3
marzo,3
marcar,3
mar,3
malversación,3
luego,3
locomoción,3
literal,3
lista,3
letrado,3
legislación,3
legalmente,3
lado,3
juzgado,3
jurídicas,3
juramento,3
iv,3
investigadoras,3
introducidas,3
intervenir,3
interponerse,3
intendente,3
integrar,3
integran,3
institucionalidad,3
insistieren,3
inscripciones,3
inmediata,3
inhabilite,3
ingresos,3
infringido,3
informe,3
informaciones,3
indulto,3
indirectos,3
indicada,3
independientes,3
independencia,3
incorporación,3
incluyendo,3
incapacidad,3
iguales,3
idoneidad,3
horizontales,3
hará,3
hallarse,3
hallare,3
hacerlo,3
grupo,3
gremiales,3
gratuito,3
gratuitamente,3
grado,3
gozarán,3
gozar,3
gestiones,3
gestión,3
garantiza,3
fundamentos,3
fundamentales,3
fundadamente,3
fuentes,3
frase,3
formarán,3
formará,3
formalidades,3
fondo,3
firma,3
financiamiento,3
finalidad,3
fijado,3
fallo,3
extranjeras,3
exteriores,3
exprese,3
explotación,3
exploración,3
expiración,3
estime,3
estimación,3
establecimientos,3
establecerán,3
específicos,3
esencialmente,3
escrutinio,3
escrito,3
entrará,3
enfermedad,3
encomiende,3
emblemas,3
elector,3
elaborar,3
ejercerán,3
ejecutar,3
efectuarse,3
efectuará,3
educacionales,3
económico,3
duración,3
documentos,3
docentes,3
división,3
diversas,3
distribución,3
dispondrá,3
directos,3
digan,3
dictado,3
destinado,3
desempeñen,3
desempeñado,3
desechado,3
dependientes,3
dependencia,3
dependan,3
dejar,3
declarará,3
décimo,3
debates,3
datos,3
darán,3
cuyos,3
culpable,3
créditos,3
creados,3
creaciones,3
creación,3
crea,3
convenios,3
conveniente,3
contribuir,3
contravengan,3
contiendas,3
contenido,3
contenidas,3
constituidos,3
constancia,3
conmoción,3
condena,3
concurso,3
conciencia,3
conceder,3
comuna,3
comprometido,3
composición,3
compatibles,3
ciudad,3
circunstancia,3
cinematográfica,3
cesen,3
cesar,3
celebrarse,3
cédula,3
capítulos,3
caducidad,3
bien,3
autorice,3
ausencia,3
aumentar,3
atribuirse,3
atribución,3
atender,3
asuman,3
asociarse,3
asistir,3
asignaciones,3
asegura,3
ascensos,3
aquéllos,3
aprobados,3
aportes,3
apelarse,3
anualmente,3
antiguo,3
amparo,3
ambos,3
ámbito,3
alternativas,3
alterar,3
alteración,3
alcance,3
agente,3
afiliación,3
adquirir,3
adopte,3
adopción,3
admisibilidad,3
adecuado,3
actúe,3
acordar,3
acoja,3
abril,3
yacimientos,2
votar,2
voluntaria,2
vivir,2
vinculadas,2
versen,2
vencimiento,2
vencido,2
veces,2
universitaria,2
universidades,2
última,2
ulterior,2
tributarias,2
trasladarse,2
transmitirán,2
transición,2
transferencia,2
transcurridos,2
traición,2
tomará,2
toma,2
tipo,2
tierra,2
testigos,2
terrorismo,2
territorialmente,2
territorial,2
temporal,2
templos,2
sustituidos,2
sustituida,2
sustitución,2
sustancial,2
suprimir,2
supresión,2
suplentes,2
superintendencia,2
superficiales,2
sumariamente,2
sumaria,2
sujetos,2
sufrido,2
sufra,2
sometido,2
sometidas,2
someterá,2
someta,2
solidaria,2
solicitud,2
solicite,2
solicitada,2
solicita,2
sola,2
sociales,2
situados,2
sirvan,2
sindicales,2
signifique,2
siga,2
sexta,2
sesionar,2
séptimas,2
séptima,2
señalen,2
señala,2
sentencias,2
senatoriales,2
sede,2
secreto,2
secretarios,2
satisfacer,2
sancionados,2
salubridad,2
salir,2
salida,2
salas,2
rigiéndose,2
rige,2
retribuidos,2
retribución,2
resulten,2
resulte,2
resultarán,2
resultará,2
resultado,2
resuelva,2
restricciones,2
restantes,2
restablecimiento,2
respuesta,2
responsabilidades,2
responder,2
respetando,2
residencia,2
requerido,2
republica,2
representen,2
repitiéndose,2
repartición,2
removidos,2
removido,2
remitirá,2
relativos,2
relacionen,2
relacionado,2
regularán,2
regula,2
reglamentos,2
registrar,2
regir,2
refieren,2
refieran,2
reemplazante,2
reemplazados,2
reemplace,2
redactar,2
recurrir,2
recuperarán,2
rectificar,2
reconocimiento,2
reconocida,2
reclamos,2
recibir,2
rechazado,2
rechace,2
realizarán,2
realicen,2
ratificados,2
ratificación,2
ramas,2
quede,2
punible,2
pudiere,2
prueba,2
providencias,2
provengan,2
protege,2
prorrogarlo,2
propuestos,2
proponiendo,2
propondrá,2
propia,2
propender,2
pronto,2
promulgatorio,2
promulgar,2
promulgado,2
promulga,2
promoverse,2
prohíbe,2
progresión,2
programación,2
profesiones,2
produzcan,2
produjere,2
procurador,2
proclamará,2
procesado,2
procederán,2
probidad,2
principios,2
primitivos,2
primeros,2
primeras,2
prevista,2
preventiva,2
pretenda,2
presupuestaria,2
prestar,2
préstamos,2
presidido,2
presidentes,2
presentaren,2
presentado,2
presentación,2
preguntas,2
practicar,2
posible,2
popularmente,2
poner,2
pierde,2
perturbación,2
pertenezca,2
pertenecientes,2
pertenecer,2
personales,2
perpetración,2
permita,2
períodos,2
periódicas,2
perfeccionamiento,2
pérdida,2
pendiente,2
penalidad,2
peligro,2
pedir,2
patria,2
pascua,2
pasajes,2
partidistas,2
particular,2
parcialidades,2
pagos,2
padres,2
otorgue,2
otorgan,2
otorgamiento,2
otorgada,2
ordene,2
ordenar,2
ordenamiento,2
opiniones,2
operación,2
opciones,2
opción,2
ofendido,2
ocurrir,2
ochenta,2
obtuvieren,2
obtuviere,2
obligatoria,2
obligados,2
obliga,2
objetos,2
numerales,2
noventa,2
normalidad,2
normal,2
ninguno,2
negociar,2
negociaciones,2
negligencia,2
nacidos,2
municipios,2
municipalidad,2
motiven,2
motivaron,2
monopolio,2
moción,2
mitad,2
mismos,2
mineras,2
minera,2
minas,2
militares,2
militar,2
militantes,2
méritos,2
mensuales,2
mención,2
máximo,2
matrices,2
material,2
mantenerse,2
manifiesta,2
mando,2
lucro,2
localidades,2
llevará,2
llenarán,2
línea,2
limitación,2
libremente,2
legislador,2
lapso,2
labor,2
juzgue,2
justa,2
jurisdiccionales,2
judicatura,2
jubilaciones,2
juan,2
isla,2
introducirle,2
introducida,2
intervengan,2
interpreten,2
interpretativas,2
interposición,2
intendentes,2
intelectuales,2
integridad,2
integren,2
integrante,2
institucional,2
institución,2
instalará,2
insistencia,2
inscritas,2
inocencia,2
injustamente,2
iniciativas,2
iniciados,2
infracciones,2
industrial,2
individual,2
indirecta,2
indicar,2
indicados,2
incurrirá,2
incumplimiento,2
incorporará,2
inconstitucionales,2
incluye,2
impongan,2
imponer,2
impedir,2
impartir,2
igualitario,2
iglesias,2
ideas,2
humanos,2
humana,2
horas,2
honorem,2
hombres,2
hogar,2
hidrocarburos,2
hacia,2
haberse,2
guarden,2
guardar,2
goce,2
geográfica,2
generación,2
garantizará,2
garantizados,2
fundarse,2
fundamento,2
fundamental,2
funcionar,2
fortalecimiento,2
formularle,2
formulado,2
formulación,2
fomento,2
fiscalizadoras,2
finanzas,2
financieras,2
figure,2
fernández,2
fechas,2
faltando,2
facultado,2
extraordinarias,2
extraños,2
externa,2
extenderse,2
expropiado,2
expropiación,2
existen,2
existe,2
exijan,2
exigir,2
exhibición,2
exceptuados,2
excepto,2
excepciones,2
ex,2
ética,2
estuvieren,2
estuviere,2
estructura,2
estimen,2
estatales,2
estatal,2
especie,2
esencial,2
esencia,2
escalafones,2
equitativo,2
entregan,2
entonces,2
entable,2
enmiendas,2
encuentre,2
encuentra,2
encomienden,2
encomienda,2
enajenación,2
empate,2
emolumentos,2
eliminado,2
elegibilidad,2
elaboración,2
ejecutivo,2
ejecutarse,2
efectuado,2
efectuada,2
económicos,2
economía,2
durar,2
domicilio,2
diversos,2
disminuir,2
disciplinarias,2
directores,2
directivos,2
directiva,2
directas,2
dignidad,2
difusión,2
dieta,2
dieren,2
dicten,2
dicte,2
dictados,2
diarios,2
determinando,2
determinado,2
determina,2
destino,2
destacado,2
despacho,2
designe,2
desenvolvimiento,2
desacuerdo,2
derogados,2
derogación,2
dependencias,2
denunciar,2
denominado,2
democrático,2
dejará,2
dejado,2
defectos,2
deducido,2
declaren,2
declarando,2
declaraciones,2
decisión,2
decimosexta,2
decimocuarta,2
décima,2
dará,2
cuyas,2
cursado,2
cumplida,2
culto,2
culpabilidad,2
criterios,2
criminales,2
criminal,2
creen,2
crédito,2
cotizaciones,2
costumbres,2
corresponderán,2
corresponden,2
correccional,2
contrarias,2
contraria,2
contenidos,2
contemplados,2
contemplado,2
contaminación,2
contabilidad,2
consulte,2
constituir,2
constituido,2
considerar,2
considerando,2
consideradas,2
conservar,2
conservación,2
consecuencia,2
conozca,2
conjuntamente,2
conflictos,2
conflicto,2
confieran,2
confianza,2
confesiones,2
conferidos,2
conducentes,2
condonar,2
condenados,2
concusión,2
concurrir,2
concurren,2
concesionarios,2
concerniente,2
concedan,2
comunicaciones,2
comunales,2
comprometer,2
comprendidas,2
comprende,2
compone,2
completo,2
colegios,2
ciudadana,2
citados,2
circunscribirá,2
chileno,2
cese,2
certificado,2
cause,2
causado,2
casa,2
cartas,2
carta,2
carrera,2
cárceles,2
candidatura,2
cancelación,2
calificados,2
calamidad,2
cabo,2
buenas,2
buen,2
breve,2
blanco,2
avecindados,2
autor,2
autónoma,2
autoacordado,2
atributos,2
atención,2
asociación,2
asistencia,2
asignación,2
asiento,2
aseguren,2
ascendientes,2
artísticas,2
arrestar,2
archipiélago,2
arbitraria,2
apruebo,2
aprueben,2
aprobare,2
apreciará,2
apreciación,2
aporte,2
aplicarse,2
aplicar,2
aparece,2
antigüedad,2
anticipación,2
anónima,2
amnistías,2
amenaza,2
alude,2
altas,2
ajenas,2
aire,2
aguas,2
agrupación,2
agregados,2
afectos,2
afectadas,2
adoptadas,2
admitirán,2
admisión,2
administrativos,2
adecuada,2
ad,2
actuar,2
actualizado,2
actuaciones,2
activos,2
actas,2
acrediten,2
acordada,2
aceptar,2
absoluto,2
abrir,2
voz,1
votada,1
volver,1
voluntario,1
voluntariedad,1
voluntad,1
visto,1
visite,1
violencia,1
vinculantes,1
vinculante,1
vinculados,1
vigilancia,1
vigésimoprimera,1
vigésimo,1
vicios,1
vetos,1
vetado,1
verifiquen,1
verifique,1
VERDADERO,1
ver,1
venza,1
venía,1
veinticuatro,1
vecinales,1
véanse,1
vayan,1
valparaíso,1
valores,1
valor,1
valer,1
utilizado,1
utilicen,1
usar,1
urgencias,1
universitario,1
unitario,1
uniformes,1
únicas,1
únicamente,1
unanimidad,1
últimos,1
últimas,1
ubicadas,1
tuviere,1
tutelar,1
trato,1
tratar,1
tratamiento,1
traspasos,1
traspaso,1
traslado,1
transmitir,1
transmisiones,1
transitorio,1
transferirá,1
transferir,1
transeúntes,1
transcurrido,1
tramitarse,1
traído,1
tráfico,1
tradición,1
trabajen,1
trabadas,1
totalitario,1
torcida,1
tope,1
tomó,1
tomando,1
tomado,1
tocante,1
tesorerías,1
terrenos,1
terminación,1
tercer,1
tenderá,1
tendencia,1
temporalmente,1
tecnológicos,1
tecnológica,1
técnicos,1
técnica,1
tareas,1
suspendidos,1
suspendidas,1
suspende,1
suscrita,1
suscripción,1
suscribieren,1
suscitarse,1
susceptibles,1
suprimirlos,1
suprimidos,1
suprimidas,1
supremos,1
supongan,1
suplencia,1
supervigilará,1
superan,1
suministrar,1
sumario,1
sujetarán,1
sufragare,1
sufragar,1
sucesor,1
sucesivas,1
sucesivamente,1
sucesión,1
sucederá,1
subsistirán,1
subsistencia,1
subsidiaria,1
subrogarán,1
subrogará,1
sorprendido,1
someterse,1
someter,1
solución,1
solidario,1
solidaridad,1
solidariamente,1
solicitudes,1
soliciten,1
solemne,1
sobreviniente,1
sobreseimiento,1
soborno,1
situado,1
situadas,1
situación,1
sindicarse,1
simultáneamente,1
similares,1
servidores,1
serio,1
separadamente,1
señalarlo,1
señalare,1
señalar,1
señalando,1
señalan,1
sentido,1
sentenciarán,1
sentenciará,1
sentenciada,1
seguirse,1
seguirá,1
seguido,1
sedición,1
sectoriales,1
sectores,1
secretas,1
secretarías,1
secreta,1
santiago,1
sanitario,1
sancionarlas,1
sancionado,1
sancionadas,1
sanciona,1
sana,1
san,1
salares,1
rigiendo,1
rica,1
revoque,1
revivir,1
revistas,1
revisión,1
revisar,1
reunirse,1
reunirá,1
reuniones,1
reunido,1
reúna,1
retroactivo,1
retrasará,1
retirarse,1
resultar,1
resultados,1
resueltas,1
resuelta,1
restrinjan,1
restringida,1
reste,1
restaba,1
responderá,1
respetuosos,1
respeten,1
respetarse,1
resolverse,1
resolverlos,1
resolverlas,1
resolutivo,1
resolutivas,1
resguardos,1
resguardo,1
resguardar,1
reservado,1
reservadas,1
requieren,1
requieran,1
requiera,1
república73,1
república266,1
república256,1
reprueba,1
reprobadas,1
representarlos,1
representará,1
representantes,1
representante,1
representados,1
representado,1
repartirse,1
reparen,1
reos,1
renunciar,1
rentados,1
renta,1
renovarse,1
renovará,1
rendimiento,1
remunerada,1
remuneración,1
remitir,1
remitiendo,1
remitido,1
reintegro,1
reincidencia,1
rehabilitados,1
regulado,1
reguladas,1
reglan,1
reglamentará,1
reglamenta,1
reglado,1
regla,1
registros,1
registrarse,1
registrará,1
registrado,1
regionalización,1
regidos,1
regida,1
refrendado,1
refrendación,1
referente,1
reemplazará,1
reemplaza,1
redistribución,1
redactada,1
recurridos,1
recuperación,1
rector,1
rectificará,1
rectificación,1
recta,1
reconocidos,1
reconocer,1
reconocen,1
reclutamiento,1
reclame,1
reclamarse,1
reclamada,1
reclama,1
recientemente,1
recibirán,1
reciba,1
rechazarlos,1
rechazar,1
rechazando,1
rechazada,1
rechaza,1
receso,1
recayere,1
recauden,1
recaude,1
recaudación,1
recaerá,1
recaer,1
recae,1
reasumirán,1
realizarse,1
realizadas,1
realiza,1
reafirma,1
razones,1
razonablemente,1
ratificatorio,1
ratificar,1
rama,1
radicadas,1
racionales,1
quinto67,1
quiere,1
quién,1
puntos,1
puestos,1
pudo,1
pudieren,1
pudieran,1
publique,1
publico,1
publicarán,1
psíquica,1
provocar,1
provisorio,1
provisionalmente,1
provisión,1
provenir,1
proveniente,1
proveerán,1
protegido,1
prorrógase,1
prórrogas,1
prorrogarse,1
prorrogado,1
prorrogables,1
propugnen,1
proporcionalmente,1
proporcionalidad,1
proporcionado,1
proponga,1
propicie,1
propiciar,1
propagar,1
propaganda,1
pronunciará,1
pronunciara,1
pronunciada,1
pronuncia,1
pronta,1
promulgarlas,1
promulgados,1
promovida,1
promoverán,1
prometa,1
promesa,1
prolongarse,1
prohibido,1
prohibida,1
prohíbense,1
progreso,1
programas,1
produjo,1
productivo,1
productivas,1
producirse,1
procuren,1
procurárselos,1
proclamar,1
proclama,1
procesales,1
procesal,1
procesadas,1
procediera,1
procediendo,1
proceder,1
procedencia,1
procede,1
procedan,1
problemas,1
privilegio,1
privilegiados,1
priven,1
prive,1
prisiones,1
primitivas,1
previstas,1
previsionales,1
previsional,1
previsión,1
previos,1
previas,1
prevención,1
prevaricación,1
prevalecerán,1
pretexto,1
presumir,1
presten,1
prestará,1
préstamo,1
prestaciones,1
prestación,1
presidir,1
presiden,1
preservar,1
preservación,1
presentare,1
presentada,1
presencia,1
prescrita,1
prescriba,1
predios,1
precisas,1
precisamente,1
practiquen,1
potencias,1
postular,1
postulado,1
posterioridad,1
posteriores,1
poniendo,1
ponga,1
ponerlos,1
pondrá,1
plurianuales,1
pluralismo,1
plenipotenciarios,1
plenamente,1
plena,1
plebiscitadas,1
plazos,1
plazas,1
planta,1
plan,1
pise,1
pierda,1
pie,1
peticiones,1
pesos,1
pesar,1
perturben,1
perturbar,1
pertenezcan,1
perteneciendo,1
pertenecía,1
pertenece,1
persigan,1
permitir,1
permanentes,1
permanente,1
permanecerán,1
peritos,1
periodismo,1
periódicos,1
perderán,1
percibirán,1
percibir,1
penúltimo,1
pensionados,1
pendientes,1
penas,1
penado,1
pedirá,1
pedida,1
paz,1
patrimoniales,1
patrimonial,1
paternidad,1
patentes,1
pase,1
parvularia,1
partidista,1
párrafos,1
parlamentarias,1
parcialmente,1
paralizarse,1
paralización,1
pagada,1
padre,1
pactos,1
pacíficamente,1
pacífica,1
oyendo,1
otorgarse,1
otorgarán,1
otorgado,1
otorgadas,1
otorga,1
originó,1
originará,1
originan,1
original,1
originado,1
orientarse,1
organizarlas,1
organizar,1
organiza,1
orgánico,1
ordinaria,1
ordenará,1
ordenanzas,1
opongan,1
oponga,1
operen,1
operar,1
omitido,1
omisiones,1
omisión,1
oír,1
oído,1
oficialmente,1
ofendida,1
ocupará,1
octavo,1
obtuviera,1
obtenga,1
obtenerla,1
obsta,1
observarse,1
observare,1
observará,1
observancia,1
obra,1
obligatorios,1
obligatoriedad,1
obligatoriamente,1
obligar,1
obligan,1
objetivos,1
objetivas,1
objeciones,1
obedientes,1
obedecidos,1
obedecido,1
nulo,1
nulidad,1
nuevamente,1
núcleo,1
novena,1
notificación,1
notable,1
normativo,1
normativas,1
nóminas,1
nominará,1
nominado,1
nominación,1
nombrare,1
nombrará,1
nombradas,1
nº20.573,1
nº20.193,1
nº19.634,1
nº19.526,1
nº1.086,1
negocios,1
negativa,1
negarle,1
negar,1
necesitarán,1
necesariamente,1
nacionalizados,1
nacionalizado,1
nacionalizadas,1
nacer,1
nacen,1
municipio,1
multa,1
mujeres,1
mujer,1
motivado,1
motivadas,1
morales,1
moradas,1
monto,1
monedas,1
modificarla,1
modificarán,1
modificadas,1
modelos,1
mociones,1
minutos,1
ministeriales,1
ministerial,1
mínimos,1
mínimas,1
metropolitanas,1
método,1
metalíferas,1
merezcan,1
merezca,1
merecimientos,1
merecido,1
merecer,1
mental,1
mensual,1
mencionan,1
mencionado,1
mencionada,1
mejor,1
medie,1
medida,1
mecanismos,1
mecanismo,1
mayoritaria,1
máxima,1
materializar,1
marítimas,1
marcos,1
marcas,1
manteniendo,1
mantenga,1
mantendrá,1
manifiesten,1
manifiestamente,1
manifestada,1
manifestación,1
mandatarios,1
mandatario,1
madre,1
loterías,1
lograr,1
lobby,1
llevar,1
llenar,1
llegue,1
llegare,1
llamarán,1
llamará,1
llamar,1
listas,1
líquidos,1
limiten,1
limitará,1
libro,1
libres,1
ley140,1
lesionada,1
legítimo,1
legislativo,1
laboren,1
laborales,1
laboral,1
kilómetros,1
juzgará,1
juzgados,1
justos,1
justifican,1
justificados,1
justifica,1
jure,1
junto,1
judicialmente,1
josé,1
jerarquizado,1
jerarquizadas,1
jefes,1
jefatura,1
ítem,1
irrenunciable,1
invoquen,1
invocados,1
invocado,1
invocada,1
inviolables,1
inviolabilidad,1
investigaren,1
investigadora,1
investidura,1
inversiones,1
invención,1
invalidar,1
introduce,1
intimada,1
interviniendo,1
intervenga,1
interpuesta,1
interpretativa,1
interpósita,1
interpongan,1
interpondrá,1
intermedio,1
interfieran,1
interesada,1
interdicción,1
interceptarse,1
interceptar,1
intercalado,1
intercalada,1
interamericana,1
integrarán,1
integrando,1
integradas,1
íntegra,1
insuficiente,1
instrumento,1
instruida,1
instrucción,1
institucionales,1
instancia,1
insistir,1
insistido,1
insiste,1
insistan,1
insista,1
inscritos,1
inscripción,1
inscribir,1
inmunidades,1
inmediatos,1
injustos,1
injustificadamente,1
iniciaren,1
iniciará,1
iniciar,1
inhabilitados,1
ingresarán,1
infringir,1
informarse,1
informará,1
informando,1
informa,1
influencia,1
inferiores,1
indultados,1
individualmente,1
indispensables,1
indirectamente,1
indiquen,1
indique,1
indice,1
indicando,1
indicado,1
indemnizatoria,1
indemnizado,1
indemnizaciones,1
indefinidamente,1
indebidamente,1
incurriere,1
incurrido,1
incurran,1
incurra,1
inculpado,1
incremento,1
incrementado,1
incorrecta,1
incorporarán,1
incorporar,1
incorporando,1
incorporales,1
incorporados,1
incorporadas,1
incorpora,1
incomunicación,1
incompatibilidad,1
inclusive,1
incluirse,1
incluir,1
incluidos,1
incluidas,1
inciten,1
incite,1
incidan,1
incapacidades,1
inaplicable,1
inamovilidad,1
inamovibles,1
inalienable,1
imputada,1
imputable,1
imputa,1
impugne,1
impugnada,1
impugnación,1
impuestas,1
improcedente,1
imprimirse,1
imprescriptible,1
impostergables,1
importen,1
imponga,1
imponerse,1
impondrán,1
impliquen,1
implique,1
impidan,1
impida,1
impedido,1
ilícitos,1
ilícitas,1
ilegítimo,1
ilegalmente,1
ilegalidad,1
ilegales,1
ilegal,1
igualmente,1
identificación,1
í,1
huelga,1
honrar,1
honra,1
honores,1
hipódromos,1
himno,1
higiene,1
hiciere,1
hecha,1
harán,1
hallaren,1
haga,1
hacienda,1
hacerla,1
hacen,1
habitantes,1
habitante,1
hábiles,1
guardará,1
graves,1
gravan,1
gravámenes,1
gratuitas,1
grandes,1
gran,1
gradualmente,1
gradual,1
gozará,1
goces,1
giros,1
gerentes,1
generará,1
generando,1
gaseosos,1
fusión,1
fundar,1
fundamentar,1
fundados,1
fundado,1
fundaciones,1
funcionaria,1
funcionará,1
funcional,1
fuero,1
fuente,1
frente,1
franquicias,1
fracciones,1
fracción,1
fósiles,1
formulen,1
fórmulas,1
formularse,1
formulará,1
formen,1
forme,1
formarse,1
formada,1
fomentar,1
físico,1
física,1
fiscalizará,1
fiscalizador,1
firmes,1
firmarse,1
firmaren,1
firmar,1
firmadas,1
financiero,1
financiarse,1
financiará,1
fíjase,1
fijadas,1
fijación,1
figurar,1
fielmente,1
fenecidos,1
favorezca,1
falte,1
faltaran,1
faltaba,1
fallará,1
facultados,1
facilitar,1
extinguida,1
extiende,1
extienda,1
externo,1
extensión,1
extenderá,1
expropiatorio,1
expropiaciones,1
expresar,1
explotar,1
explotaciones,1
expirase,1
expertos,1
expedirse,1
expedido,1
existirán,1
existencia,1
exista,1
eximirán,1
eximidos,1
exigirse,1
exigiere,1
exigibilidad,1
exentos,1
exenciones,1
excusarse,1
exclusivo,1
exceder,1
exceda,1
examinará,1
evacuar,1
evacuado,1
etapas,1
estupefacientes,1
estudiantiles,1
estudiantil,1
estricto,1
estrictamente,1
estricta,1
estimular,1
estimarlo,1
estimaren,1
estatuya,1
estaciones,1
estableciendo,1
establecerse,1
espiritual,1
específicas,1
especificará,1
especies,1
especiales254,1
escuelas,1
escudo,1
escoger,1
esclavos,1
errores,1
errónea,1
erigir,1
equitativamente,1
equilibrado,1
equidad,1
enviará,1
enviar,1
entró,1
entren,1
entrarán,1
entrañas,1
entran,1
entiende,1
entidad,1
enmendado,1
enjuiciamiento,1
enemigos,1
encontrarse,1
encontrare,1
encomendar,1
empresariales,1
empresarial,1
empresa,1
empleador,1
empezar,1
emitir,1
emitiere,1
emitida,1
emitan,1
emisión,1
embajadores,1
emanen,1
emanan,1
emanada,1
eliminación,1
elija,1
eligiéndolos,1
elevará,1
elementos,1
elegirán,1
electoral202,1
electas,1
ejercite,1
ejercida,1
ejercía,1
ejercerse,1
ejercerlas,1
ejercen,1
ejemplar,1
ejecutoriadas,1
ejecutoriada,1
eficiencia,1
eficacia,1
efectivo,1
efectivamente,1
educar,1
editar,1
edición,1
dure,1
dueño,1
dotaciones,1
doscientos,1
donaciones,1
documento,1
doble,1
dividirán,1
dividido,1
divide,1
divida,1
diverso,1
divergencias,1
distribuirlas,1
distintos,1
distintas,1
distinción,1
dispusieren,1
dispuestas,1
dispone,1
dispondrán,1
disolverá,1
disolución,1
disminuido,1
discusiones,1
discusión,1
discriminatorios,1
discrepancias,1
discrepancia,1
disciplinario,1
disciplinadas,1
dirimir,1
dirija,1
dirigirá,1
dirigida,1
dirigente,1
diplomáticos,1
diplomático,1
diplomática,1
dineros,1
dinero,1
dimisión,1
diga,1
difundir,1
difundida,1
dificultades,1
diferente,1
diferencias,1
dieciocho,1
dictarse,1
dictará,1
dictan,1
dictamen,1
dictadas,1
dictada,1
dicta,1
devolviere,1
deuda,1
determinarlos,1
determinan,1
determinadas,1
detener,1
destituido,1
destinos,1
destinarán,1
destinar,1
desproporcionados,1
despachare,1
despachar,1
designadas,1
designada,1
designaciones,1
desestimare,1
desempeñaron,1
desempeñarlos,1
desempeñarán,1
desempeñará,1
desee,1
desechó,1
desecharla,1
desecharen,1
desechar,1
descrito,1
descrita,1
desconozca,1
desconcentrado,1
desconcentrada,1
desconcentración,1
descentralizada,1
descendientes,1
desarrollen,1
desaprueba,1
desafiliación,1
derogarán,1
derogada,1
deriven,1
derivadas,1
depuestos,1
depósitos,1
depositada,1
deporte,1
dependiente,1
dependen,1
denominará,1
denominados,1
denomina,1
denegación,1
den,1
democrática,1
democracia,1
demencia,1
deliberantes,1
deliberaciones,1
delegatoria,1
delegarle,1
delegarán,1
deja,1
definitiva,1
defensor,1
defender,1
deducir,1
decretará,1
declararse,1
declararla,1
declaradas,1
declara,1
decisivo,1
decimotercera,1
decimoséptima,1
decimosegunda,1
decimoquinta,1
decimoprimera,1
decimonovena,1
decimoctava,1
decidir,1
decida,1
deceso,1
debió,1
debiere,1
debiera,1
debido,1
debidamente,1
debate,1
darse,1
darles,1
daños,1
dando,1
dan,1
cumplirse,1
cumplen,1
culturales,1
cultura,1
cultos,1
culpables,1
cuidar,1
cuidando,1
cuerpo,1
cuenten,1
cuentas,1
cuadragésima,1
cronológico,1
crítica,1
crímenes,1
crimen,1
creó,1
creencias,1
cree,1
covaderas,1
costo,1
costa,1
corrija,1
corrigiendo,1
correspondiéndole,1
correspondido,1
correr,1
correcto,1
correcciones,1
corporales,1
coordinarse,1
cooperación,1
cónyuge,1
convoquen,1
convoque,1
convocarse,1
convertirse,1
controversias,1
controversia,1
contribuyan,1
contribuciones,1
contravención,1
contrarios,1
contraloria,1
continuación,1
contienda,1
contestará,1
contestar,1
contenida,1
contengan,1
contemple,1
contemplar,1
contemplada,1
contando,1
consultas,1
consultado,1
constituyen,1
constituyan,1
constitutivos,1
constitutivas,1
constituirse,1
constituirán,1
constituirá,1
constituidas,1
constituida,1
constitucionalmente,1
constitucional197,1
constitucional112,1
constitución257,1
constitucion,1
considere,1
considerará,1
considerados,1
considerado,1
considerada,1
consentimiento,1
consejos,1
consejerías,1
consecutivamente,1
consagradas,1
conocidas,1
conocida,1
conocerán,1
conoce,1
conmutar,1
congreso139,1
conformarse,1
conformado,1
conformada,1
confiscación,1
confirmar,1
configuren,1
confieren,1
conferirán,1
conferir,1
conferido,1
conferencia,1
conducir,1
condición,1
condenado,1
concurrencia,1
concluir,1
conciernan,1
concernientes,1
conceptos,1
concedida,1
concede,1
comunicarán,1
computarse,1
comprometa,1
comprobado,1
comprobada,1
comprendiéndose,1
comprendida,1
comprender,1
componentes,1
compondrá,1
complete,1
complementen,1
complementarias,1
complementando,1
competentes,1
comparecer,1
cómo,1
comités,1
comité,1
comiso,1
cometieron,1
cometidos,1
cometan,1
comerciales,1
comercial,1
comenzarán,1
comenzará,1
colectividades,1
colaboradores,1
coincidan,1
cohecho,1
codificación,1
cobre,1
clausura,1
clara,1
ciudadania,1
cite,1
citará,1
citar,1
citado,1
citadas,1
citada,1
citaciones,1
citación,1
circunscripción,1
cincos,1
científica,1
cesare,1
cesado,1
censura,1
celebren,1
celebre,1
celebrare,1
celebrados,1
celebración,1
cédulas,1
cayere,1
cautelar,1
causal,1
causados,1
caudales,1
caucionen,1
caucionare,1
caucionar,1
categoría,1
castigará,1
cargar,1
carbón,1
características,1
capitales,1
capacitación,1
capacidad,1
canalización,1
canales,1
cambios,1
cambio,1
calles,1
calificará,1
calificadas,1
calificada,1
calendario,1
calamidades,1
cabal,1
búsqueda,1
brevedad,1
blancos,1
bibliotecas,1
beneficiarios,1
bastante,1
básicos,1
básico,1
base,1
bandera,1
bancos,1
avocarse,1
aviso,1
avances,1
autorizados,1
autorizado,1
autónomos,1
ausentare,1
atribuidas,1
atrás,1
atiendan,1
atentar,1
asuntos,1
asunción,1
asumiendo,1
asumidas,1
asuma,1
asociados,1
asistida,1
asistan,1
asignen,1
asignarles,1
asignados,1
asigna,1
asesoría,1
asesorar,1
asesoramiento,1
asesor,1
asentimiento,1
asegurará,1
artística,1
artes,1
arte,1
arrendamiento,1
armónico,1
armónica,1
armados,1
arenas,1
áreas,1
arcillas,1
arbitrarios,1
arbitrarias,1
arbitrará,1
arbitraje,1
aquéllas,1
apuestas,1
apropiadas,1
aprobó,1
aprobatorio,1
aprobaren,1
apremio,1
aprehendidos,1
apreciar,1
apoyo,1
aplicándose,1
aplicados,1
aplica,1
apelación,1
apelables,1
apartarse,1
anular,1
anuales,1
antigua,1
anticipado,1
antecesor,1
anexos,1
análogos,1
análogas,1
ampliar,1
ampara,1
amnistía,1
americana,1
ambiental,1
aludidos,1
aludida,1
aluden,1
alternadamente,1
almirantes,1
allí,1
allanarse,1
allá,1
aliados,1
alegado,1
alcanzará,1
ajustarse,1
ajustará,1
agresión,1
agotamiento,1
agosto,1
afecte,1
afectare,1
afectarán,1
afectados,1
afectación,1
adquisición,1
adquirido,1
adopten,1
adoptada,1
adolecer,1
admitirla,1
admitirá,1
administrativamente,1
administradores,1
administrador,1
administradas,1
administracion,1
adicionado,1
adecuados,1
adecuaciones,1
acusados,1
acusada,1
acuerden,1
actuare,1
actúan,1
actual,1
actuación,1
activo,1
acta,1
acredite,1
acordaren,1
acordados,1
acordadas,1
acogiera,1
acogerse,1
acerca,1
acepte,1
aceptando,1
accesible,1
acatar,1
acaecidos,1
académica,1
abusos,1
abuso,1
absolutoria,1
abrirse,1
aborto,1
abiertamente,1
abastecimiento,1
abandono,1
